87efddd312eb3b9a29bfb30223f61b062b64b7a7	feat(scope): add immutable scope references
dbbf03c854f21887a48c0d71d394f48a9e7d992b	feat(scope): separate scope admission labels from queue state
e8505ba827a3f63ab91aa13842249b5219d7b03a	feat(config): configure scope labels and prompt bindings (KOD-378)
d2533aa7d045c30e0338f20396bb2b316850a8c2	docs(tracker): state notification observability boundary (KOD-392)
f9c46fc946a8d0beaad3ae7fe05149e61c8fe07d	feat(tracker): instate scope label definitions (KOD-379)
a35a00a1f139b3d89e6c844575e40066e731686c	feat(scope): resolve live membership with consistency checks (KOD-374)
0fad68b5dea08cb79ebff9de840238369b33007d	feat(scope): add shared resolver foundation (KOD-370)
5514b8d959a694f9985f27980a40ef1dd1779400	feat(api): carry validated scope through workflow submission (KOD-389)
7decf5c2f7eb865a6bf8c581f592ad82df412ea3	feat(forge): add head PR lookup and branch browser queries (KOD-646)
2b60dc4332174b8ccfbbc6652c31f397b704e35f	feat(spec): add frozen authored and tracker fire sources (KOD-410)
3c4327222a69ec58744c375ba5060dc8b711e61c	feat(spec): render both fire sources through a total formatter (KOD-412)
7e294fefd8bd31b2b9dbeae477d6a6334955a7e0	test(spec): enforce formatter purity at its static boundary (KOD-414)
f286a9c29e6b5e23e9e353e1dac9c10eb38dc5e2	feat(domain): add writable surface addresses (KOD-383)
7ab36558e6f4a21e612cd0eeda71f96756dfbdc2	feat(config): expose write surface lease duration (KOD-387)
aa25c4c3d355fe6d6225fd7806ce677fc67547e0	feat(domain): define primitive write lease errors (KOD-386)
8212725fdf8ea035399a68b90940d4b0876905fb	feat(tracker): upsert comments by unique first-line marker (KOD-642)
09ed60451f43ba3abee2afe773d0660392d334a7	feat(tracker): assert description anchors before editing (KOD-644)
45a074ae4ffd8ef28f245b44e386a20393412208	fix(tracker): skip matching label and state writes (KOD-647)
43160c3eaf42b6c9634ab49ea22f96a286bcae17	feat(organize): preserve three-state admission verdicts (KOD-334)
cb4628d8feff8eabb5820cf83ac54eb8928decba	fix(tracker): match comment first lines across line endings (KOD-642)
95283629715269a60f4a5c7edefed4025315e327	feat(organize): validate actionable admission refusals (KOD-335)
b699f9a811541867a2ea4b1617755d8dfba3b231	feat(config): bound organize admission and convergence rounds (KOD-340)
dc0ec18f7e4afadfd81eccb7e7dcaa972f7a738c	docs(forge): document the query port and adapter (KOD-646)
7511926adc3b2c089a219122740a3e450609b164	feat(tracker): source comment marker prefixes from operation config (KOD-643)
0a2d162611232417c97af5198e64205b2ef3b56c	feat(domain): rank scope ready sets by inherited priority (KOD-418)
4d84580cce5f9c5fdcd3f781d9f2f04416f01e59	feat(domain): refuse cyclic scope graphs with offending keys (KOD-422)
94ee14458f1cd41d77a2acf7085aeaec4c18d30a	test(organize): catch typed verdict coercions at call sites (KOD-334)
c95d64819986afb57bad762120112c0c1dd6ae9a	style(forge): keep browser URL refusal within line bounds (KOD-646)
f21ccb01b30c7c568f67cb62616c75d35bf47484	feat(gating): classify real writer durability
8062d64b0f13f4202c2a1fe8528cf7d164158409	feat(gating): add blocking aggregate categories and thresholds
5277003e910104ec52fc9836c928b0eb62889b20	feat(gating): register aggregate patterns through the existing scanner
7839a1a3ef40fed0f4b815078332691c45ede4cb	test(gating): prove aggregate durability and threshold boundaries
4ee7c85b478e6c97955b23b917d13f3ddcdfc0de	feat(gating): name aggregate match spans in blocked write errors
287c6294413684e3c151b7af8b0d02cb429a694f	fix(gating): bound shipped aggregate matches to tracker counts
81bc2922816c74968707889632fdcbf927eeb31b	docs(gating): describe aggregate scanner configuration (KOD-490)
bd204d35189199efa1446cd1d58f6a4530897d7b	fix(gating): distinguish configured issue references from counts
bc07fc8fccf153ee92486717e6e005fd04d678a7	docs: describe new behavior without internal tracker references
f9db99d946ecebb624e0697bed751b099c94fa7a	feat(forge): select query capability by repository origin (KOD-646)
782008626f6ea4423d196b431fa13557c0217473	feat(tracker): upsert issues by persisted scope deliverable identity (KOD-645)
a462801a340f63bd3a6f34ce108716b65fa9187c	fix(fire): include tracker identity in rendered context (KOD-738)
d7a6aad0c7d32fd11f040234746c6ba98bfaf23a	fix(workflow): carry tracker identity into gated PR bodies (KOD-739)
8c7ddb791c315edc55fa7e4f627d342c05a8b3fe	feat(organize): preserve instance and mandate finding invariants
6ec19731174b2ae80b75e458dbb1cfa1e7b5f69d	feat(organize): discriminate refusal models and admission actions
8f7befc5ed756dded2e614276926649bdc4320b4	feat(organize): route unverifiable findings on tracker edge arithmetic
40d4c1b649156933691457f290d7174e3cbfe12e	feat(domain): append scope convergence outcomes (KOD-472)
2931ab8001714d45602c5e9d4c671d6e608a19a0	feat(domain): model owned scope residual records (KOD-476)
42ebc1279914cf4a1ad3bfdee2610ca7b2ea15d5	feat(domain): validate scope convergence residuals (KOD-473)
21e74bfd9199c70f8b3ae280f6a0c8847dcf9832	fix(domain): keep scope residual facts on the wire (KOD-474)
4353e9d0fe029535e6462d0e1981a0b4a739dbd2	feat(tracker): read configured criterion sub-issues (KOD-648)
5efd7bc5e41b00cc05f23a846b9e2eb131aaa8e8	test(tracker): preserve criterion state across parent rewrites (KOD-650)
2d9f0ae62f9a4fd70fc35802392a44da4ccb80c8	fix(tracker): complete configured criterion read boundaries (KOD-648)
d2680a4a6a9c654db122630f6f3d6a48ab16e547	feat: persist escalations at their raise site
0888656ad874117175c994cd79ac5dd25b60a9dd	test: isolate escalation marker identity from body validation
e71d77556447f1a5de3901cc3792a092745c8446	feat(organize): resolve configured phase mandates before boot
fc0588c006cab5f398da46b9bc7bdc39a13a49a9	feat(organize): resolve each named prompt role at boot
356cf38e3f228d94009fa158c4834c287fc1e59d	feat(organize): bind rubric and source evidence per call
f9ecbc45d3072ba4a848b3161c390a32154c04c2	feat(ci): read declared workflows and complete failing check sets
416f256a67c568ef7f5409a5bc8cf70a5afb03a2	fix(ci): refuse unknown and changing absence observations
595a8c75ebf72649eaae1abcf64d5272fec1389a	KOD-741 map observed outcomes to validated record options
95f50ccb792f3c2fe3239290a7f70922e84853ed	KOD-740 fill Fire Log columns from observed terminal facts
b446efad37f2b504fb9660f7fcd3c6e3bdf71003	feat(tracker): refuse empty criteria at the fire spec read (KOD-421)
74797defe138b64d4f5cc3a1b2ebf9267755fce7	feat(tracker): validate criterion Check fields at fire entry (KOD-427)
3172cd53249737c3a95bbc0abd91f00a0cc574d7	fix(tracker): ignore inline comments in criterion Check content (KOD-427)
c12fc1d4c6aab77ea5b8b221932a63966592ea2f	style: align organizer test signature with repository formatter
0c88f810ad2f0fbde0432c0f966dd83670840b57	feat(ci): expose same-SHA rerun capability and fake seam (KOD-317)
932844916c9c535ae199a9ec0a9e1deb947f793a	feat(delivery): classify red checks from declarations and same-SHA observations
4217298396325a96a42476df2f2ed3abf8f0aa67	feat(delivery): add shared lane delivery record and outcome vocabulary
cc1e3ed2319512542a1b8d08347d65ee0bdba613	KOD-742 give granted tracked fires their own Record clause
fd6f260fe2c08f69314235a6d8faf364bf076ef6	KOD-742 document the fire Record placeholder bindings
5e6a186faf28f1556b5c9434e9fb53710afa52c3	feat(ci): correlate reruns with fresh same-SHA Actions attempts (KOD-317)
9f27cc08ebd26b6f60ec7e7df6e3734763b499f9	feat(organize): declare the organize-pass session kind
521e265fd390f38e33ad338978f62a45a35ebc9e	feat(organize): assess and verify fresh tracker sources at the selected base
f07507ec981e0ac4fbb70e541ef71cb47b4dae3b	KOD-742 preserve complete UTC start instants in record identity
49ed87d118c7061e3f2c45fc7ee4e1f8d0678323	fix: register organizer admission schema and document CI retry bound
21cd061ffb884709eb931606fb478e008b7b6c78	feat(scope): compute the criterion gap from tracker states
8a4126c9c03c25e43efa588c950549db1cab50b1	test(scope): reject I/O call sites in the pure gap guard
ef47de245618bfcc415747570088611478bec12b	feat(tracker): read stable body revisions and require them at boot
35866bebfb99d3d3ce668a7e6b13eb889fb93bb5	feat(supervisor): validate single-subject alarm observations (KOD-497)
5eeeec7b4df14c423b88d364af18af58fd82bddc	test(supervisor): enforce the closed alarm payload contract (KOD-534)
20a036940c8b58d0f687ad9e6da06c9dc057343d	test(supervisor): guard alarm reading collection immutability (KOD-497)
92e7a143168ee1dc70a50c6db1ead57b495ee7e2	KOD-496 read escalation resolution from addressed decision records
bcf9298d5b29f02ba196c43f3b329da53e47a143	fix(organize): describe every admission output field
7ffc3437d77bc34a68a6211665982d9af5dda5ca	fix(organize): describe every admission output field
073bf7884cb18f3d1c5eb31a0733444a40bb2773	feat(organize): bind admission results to their graded body revision
8631661fd8b234cca0949664c700824de3c4917a	fix(organize): register caller-independent judgment schema
1f1c4a3f412ca5f57cd81d0907ac91baa8d5f8f9	feat(delivery): append the ruled CI residual classes
e023a7f5b9614e42364637c5fad4680183b3fd9a	feat(supervisor): observe escalation age from recorded run progress (KOD-507)
e13ae6eb1583d9979e3e78ddd657f7d12586963a	test(supervisor): refuse incomplete histories after a decision (KOD-507)
77afea8c62cfe6e5e05f2d7aa8f47ac031c89fb7	feat(scope): preserve every dispatched lane in report collection
e6452ea15ce8c0e0d8e6c55f8dc7c78f82b88aaa	test(scope): preserve nonlexical dispatch order
57ac3dd4a7bf6e613fcc74dfd9277e1cf6551dd1	feat(organize): compute missing specification membership (KOD-353)
8db323be976bdfd6f663d6fd190fb853ad1ba349	feat(organize): route stale criterion surfaces to their parent (KOD-355)
2abd4924f1ce37119a03c75e5b837ca0c2a88222	docs(scope): keep configured workflow labels out of gap prose
a20861c753c066363ebc75c2bff87a8ea3428d71	docs(scope): keep configured workflow labels out of gap prose
e3e709a19f82c9ac8c812c72514b333e334d0421	Merge reviewed session batch ancestry into the next stack
e2c8bab83c24630dd107d7bc938c95e48fe20abf	feat(supervisor): observe barren ticks from recorded growth and closure (KOD-515)
af8ffca42900200f71b9585d1ad9a8d862e63c80	test(organize): guard configured phase-label portability (KOD-360)
1b6c12e03ad611498f12b48f5d7bafd27d331871	test(organize): exercise fully formatted label literals
77c5074f6094177bf81891bda124ec0a4a57c1c1	docs(supervisor): describe completion without a configured label
64b3bfd205ac9393a7d11276e74787460e9f62cc	feat(supervisor): count explicit holders on one surface (KOD-509)
1bfd89534ee8cb586ffa83cd2a716b1504b88baa	test(supervisor): assert contention keeps its surface identity (KOD-509)
c158d030d5d9bc31ed69fcf9df279ce84bdb011b	feat(union): execute ordered check chains with bounded subprocesses
3c06fa30c2f6403ae20ecf208807b4c7d6f55663	test(union): bound descendant cleanup observation
57cd54b6d77be05002ef0927c96c3a76bed8c081	fix(union): include launch in deadlines and finish canceled cleanup
cee860332e3ebaa0c270f99d52c5c2cfe70a0a68	test(union): reap processes even when cancellation assertions fail
2dc3171bd2332cba92e8ca20f8259dad78b1acf1	feat(delivery): configure concurrent check watch bound (KOD-333)
e3ca203e718ec03fbfbb3beced39f5e63b533939	feat(delivery): add typed coordinator handoff (KOD-313)
a23affa237e225d64d9face6627a640edfe30958	feat(delivery): verify recorded remote branches (KOD-328)
d8c023229e64cb9abcb92e0f5a3c9d3623bbc895	feat(delivery): distinguish undeclared checks (KOD-315)
c1dc72c732d0f17d7fa72511bc896dd76006f895	test(delivery): verify native green PR path (KOD-314)
3001bd984309c3986ed4ca6b484402bea113129a	feat(delivery): bound concurrent lane watches (KOD-329)
5cc39ef97432c91efee3db0effacc147991a896b	test(delivery): keep merge capability absent (KOD-325)
0d0ce23afd2f7ccaa3ce784300eb99d6ca7ce6b5	docs(delivery): state coordinator handoff and remaining consumers
b67630182be5e5b4ffef2fe5dbb513d7b9374ad5	test(delivery): register the description session and outcome producer
629764bfe2930827c846fa0062736c4b19e8662c	fix(delivery): bind the session to its dispatched fire (KOD-313)
d055a8962e4f9a0620b53f88c3a42ca974bd8f37	Merge commit 'e3e709a' into codex/v03-organize-gap-lane-reports
f6e2b07428b149f53aecdc56d9807be6fef72c80	feat(union): carry ordered pinned scratch provenance (KOD-601)
13b79146868011890f677840f28aa74159c4f4ab	feat(union): expose shared scope check observation (KOD-603)
c2bd2362468c78aede1ada089f1a810f7a323caa	feat(union): compose pinned heads in disposable Git worktrees (KOD-588)
e40ac3fd841d78fe44271eae58181aeb346fea25	fix(union): refuse composed trees without a declared chain (KOD-599)
30a0bc5944c94b19f298f8b35d3075bb91837073	test(union): verify scratch attempts preserve branches and open PRs (KOD-589)
1b0bb94aea787cdb894d7f1d4cccec1a0fe560bf	feat(union): report scope composability independently of lanes (KOD-591)
4cd597e508ef33b8471dfdad2f8d81b3cc77b470	feat(union): consume the restored historical check classifier (KOD-595)
165b7581ee07f52d87a14a13ca40dff5c0a13b77	test(union): keep scratch provenance fixtures lint-clean (KOD-601)
a1986863722e668f04a8f439f80ab6a42b6d21af	fix(union): settle scratch observations before cancellation cleanup (KOD-588)
b49c3baee08d4f260aef24e31595b2d4d588aeb6	docs(union): describe shared scratch result and consumer limits (KOD-603)
e16dc2c6ae2a210f2245c6cc9988daa19a52f88f	test(union): preserve measured heads across moving references (KOD-601)
09d008e9761e97a4a0e29bfafd67030b40176cf0	test(union): reap running checks before discarding the scratch tree (KOD-588)
6ad021f5f68cea8835e0e3a0cbcc1cc47a7bb653	feat(supervisor): compare owed writes and recorded commit rows (KOD-513)
ea1df634f985561f4b59254b12d03690ff62b0d9	fix(delivery): preserve the stalled published head at terminal (KOD-327)
7eb150cdece6a4c97b794412d8fd1095cee849da	fix(delivery): read the existing PR before creation (KOD-314)
38ea118a1c874593849d8cac51417dc9de2f0c7e	fix(delivery): retain tracker identity after outbound gating (KOD-739)
29afa11d8ab1fbb2830eea02208c243b13066075	fix(delivery): retain tracker identity after outbound gating (KOD-739)
acb547531890df20cf05d7ee7f560d0b9bb3d511	feat(tracker): require criterion reads before startup (KOD-465)
969ebd873e030877eb8d2385ce71ba8d6088e295	feat(supervisor): compare assertions in recorded commit order (KOD-511)
a30c7d7c324f33acd8fd23c11a1d13252b073585	test(supervisor): require lane subject for record supersession (KOD-511)
81e485c787c87bdfb9cc4b42ed21928b25f02b49	Merge commit '38ea118' into codex/v03-union-record-delivery
6a712d355009e63852d2bed5c13a1fc6e114237b	feat(records): model and render lane branch facts (KOD-679)
d92fa785202f50a31c5486c4e17056a556c05b5d	feat(records): append explicit role-aware re-entry guidance (KOD-686)
2ba2bc7074b64a80a92c2f5a72a63aaa6105ba43	feat(records): reconstruct lanes through addressed tracker reads (KOD-683)
7ec0c96d48a3590abd0b1a560979725585116e88	fix(records): preserve explicit absence for optional refs (KOD-679)
cf6bee3148de411a8c16828c2ed4b4a8ea3f3a6e	test(records): verify complete reads and document runtime limits (KOD-683)
6a07826676122c2937dba9504474180e946f3d12	docs(records): state the declared collection mutability (KOD-683)
6777242b715114aa72d7cb48bb3403323f0f8f3d	test(fire): prove empty criteria refuse before loop dispatch (KOD-710)
c17d1df6d5e11a0fa73b2e8016fdef6d95328a6d	feat(supervisor): observe mandate growth and structural regressions (KOD-519)
28c481e2182c95b7ff6f350ffa1f745e68270a55	test(supervisor): separate required authorship and crossing boundaries (KOD-519)
232dd05e0c010527fbc5cee4940de3a98c24940f	test(supervisor): keep superseded fires distinct from crossed fires (KOD-519)
2a40c0937a61033b2208866e5054d34a8a82d920	feat(delivery): edit existing PR content on replay (KOD-95)
7ca49f5b34962382ebf77349e249bb3a8b8d6639	feat(audit): cover deltas and periodic full snapshots (KOD-537)
7ef0cbcff042ac6a869a417cc9e829b02148c949	fix(audit): cover before a nondivisible cadence deadline (KOD-537)
578989405dcd2e3cd83cf33fa722da2a8a2cbb9c	feat(audit): collect native state transitions with membership checks (KOD-537)
17b8da06e5ee0f02774d688def4d2bb21b54efcd	docs(tracker): keep native history contract source neutral
5ad022b7d671335f554fbd5d8b4958449e7131c2	docs(audit): connect state-history collector to coverage contract
d6acc28502e2cc72853277616e9a74b61e7f4546	feat(supervisor): collect commit consistency from the live lane record (KOD-513)
a0c9732034b944cd23dda7ce50d0868bd79670c3	feat(delivery): consume captured FireSpec in description sessions (KOD-410)
c3f8da574c827917da64eb411107d4e24bd1aabf	refactor(fire): preserve authored prompt bytes through FireSpec (KOD-416)
c3ee8a7c0f276f3815dd8ce400a55ce7c48342f3	test(delivery): pin captured criterion multiplicity and order (KOD-410)
e34d52e070048f60ca9dece740748ad8a4d8f612	feat(audit): verify current criterion claims in fresh head sessions (KOD-523)
92a8e10c67df2e5e09492af618045c2a4538e7ae	test(audit): verify executor forwarding and independent error refusal
fbc4daad477ecf6a3eaa1acf4cfa436654797e4c	fix(audit): settle owned workspaces through repeated cancellation
014b2fe45936a080cdecfa39266bea7651d2215a	Reject dirty audit workspaces and register audit dispatch census
c3faf7b9bbe6e38b532806b5d61ae8071e9910ec	feat(delivery): recover runner flakes at the observed commit
347a074790f0a2638cbc56e934f3cb194b804968	fix(delivery): retain one failing-check reader across recovery
7dbe53f78effcf475dd8168cee5a42e0852cefae	test(delivery): require the original failed-check read at zero reruns
e478e4bca5c2af849b777218c5ff86fd5e0a0951	feat(rulings): centralize deterministic ruling identity construction (KOD-636)
85b25a0a2550bbe92a714620c069c71a8dbdb7bc	feat(rulings): render explicit authored ruling records (KOD-630)
4c44a2084314068a833da728f2bc11892940ff01	feat(rulings): read addressed occurrences through tracker comments (KOD-634)
8bc7a46fe770669bc3a9965b5f21e5fc042b970f	feat(supervisor): collect native ruling authorship for growth observations (KOD-519)
05f96ce9cb18097270b11d1eb177df026bb258fc	test(rulings): recognize quoted and aliased string addresses (KOD-636)
d687131adfe24231f8c2d0851bb79be95680052c	Add bounded native write-back verification with fresh read-only sessions
2be07028daeef9626989b29124ab9d7c896b1574	Settle owned Git workspace reads before propagating cancellation
817d4bec60f9a46e81d14a1f54705fa26f355762	Keep audit and write-back workspaces until native Git reads settle
2cd5925ef248afb207020f7f590f99879deb4caf	feat(delivery): publish recorded stalled work through the common route
161b3bc36875f2facaa70300e2c82f9956d8c33e	feat(fire): validate tracker criteria through a fresh read-only session (KOD-398)
0461e2bacf5670dd53f4dec4b20eb57968c6a77c	test(fire): refuse foreign captures before feasibility dispatch (KOD-398)
82841c221db0fd1f2ab9bde4a40c282f92c3f353	fix(fire): settle feasibility reads and reject duplicate conflict keys (KOD-398)
3efe4b02cf092fdbd64ad79a55a78c788c2c6187	Publish cancellation probe identity atomically before observing it
c75d9d393ab2a5a27a1451cc055c9f8453de4540	feat(audit): detect protected assertion changes from pinned Git objects (KOD-510)
ff6e7c528c208caad2c4b87de99d6a9fa061017d	test(audit): preserve literal Git magic in protected source paths (KOD-510)
96efae978e9dd21f4466bfbbe1358c7a8e9474ca	feat(delivery): report healthy handoffs without a PR adapter (KOD-313)
b995cf3dd108d7a31f6e5ea376e78248f0eb51f1	Complete audit refutations with native source mandate judgments
4f6cde71ee90bb0e3f9a3ae7afefb9fa83710805	Keep unreadable audit coverage grounded in native read failures
73e22130900a2a36a9094cbbbd7aadbed4d35793	fix(organize): settle admission workspace ownership before cancellation (KOD-338)
de02012221d777860d69ec0b3496224a86de4871	fix(delivery): accept cumulative stalled iteration totals (KOD-327)
01dfd2f3d606b73e465de5065c831d4d6907917d	Preserve native criterion identity types and retained outcome guard
86dfbc9046535539d639e637b1015f2ceddd5a3c	fix(delivery): accept cumulative stalled iteration totals (KOD-327)
d61256c2a7ab68da18fdd100191219805426ac23	Preserve native criterion identity types and retained outcome guard
375314bd5e625160a306ba79bf3eb7ab3c7553ca	Keep authored criterion pattern guard specific to authored identity
7c7fc23b451872b7deec0eee3630c8eaff1d9791	Keep authored criterion pattern guard specific to authored identity
a3da91ca6f882509028a166d915740ed700c10dd	feat(audit): read recorded Evidence against the live branch head (KOD-520)
752b11d0d1a849f8d0870c6d92bcc20f85ae813d	test(audit): distinguish valid lane-record replacement from unreadability (KOD-520)
1f45c83ce1140f71e2f92ff99409a27123c40d23	fix(audit): settle native repository reads before cancellation (KOD-500)
d3fe6f2894fcfc6fdf7293f4b7e10a7dc898759f	fix(fire): own feasibility cache acquisition through cancellation (KOD-398)
3f577930f2968f483fd08fa2527c942fea8fcc51	Observe actual review-terminal branch and native PR consistency
90622e6ee3751fc50117a9906638d8db3a112801	Settle terminal cache acquisition before cancelled return
a9c7343d7cdaae88af73a7cc3fc41b9aec8f3c47	Assert terminal admission and unresolved native PR facts
7dbc7c56a3a89ad31cf4837e8abbbca0f8b415f5	Join reviewed PR83 ancestry for the next audit consumer increment
d6720664b143b278c5fc8af1b8789515638dee50	Select native PR-state capability by repository origin
0e2d024baaa7c67098be3d7b88a532b1953fe617	fix(git): preserve configured remote during cold bare clone
9e9b3e6370e80035fb3f7ebfaaa4b995b3f3de93	fix(checks): retain process group ownership through pipe drain (KOD-597)
7b516192e587f3fed3e861be958c0513fabb6b2e	test(checks): publish controlled child identity atomically (KOD-597)
f5de74d1762000c0c30fff18b0aa15d15bf7db8f	feat(fire): extract delivery while preserving authored execution (KOD-331)
bae335d4574bdc12d9658b0afaaf640a05a37566	test(fire): assert delivery-free compiled graph and state (KOD-332)
2c774e37e259610d30e5866e856370fd18ffab02	feat(audit): verify forge claims at the exact Evidence commit (KOD-508)
620cfad2ab40daed8f51c3ab78c7c5c73edb9142	fix(audit): classify readable red before roster acceptance (KOD-508)
c94694b692b5ceaa8f7d6116c64bc7728d577fd7	feat(audit): share pinned source reads and owned fresh sessions (KOD-514)
8567978514257284b21a1287cd08ce705fde7f5c	test(audit): guard shared schema forwarding and source ownership (KOD-514)
8ea9be1b56533f2c7edc9beac094374abb00166b	fix(audit): refuse replaced Git objects in fresh sessions (KOD-514)
65c36bf867325932c35c652f131323c946f87c02	Add source-based over-claim judgments and native adoption byte checks
3430f55561f75991f88d1947a1ac034093d052b4	test(audit): bind adoption evidence and document over-claim observations
a2fa3997517e809a216ddd573ef83eb9bd5b26e1	test(audit): falsify byte comparison and post-read source movement
724644b669fc8369041f1fc136f2ede9d2bccd08	fix(delivery): settle native repository reads before cancellation (KOD-314)
27774ab0dd4cff34a4316ccada4c9238cb392d30	feat(audit): observe removed mechanisms that lose detection (KOD-514)
97de50486ca76291acfffe1a6ea7a8dca4fb24b2	test(audit): verify exact detached acquisition arguments (KOD-514)
d873731645fae7a0f20445b45c80379549cc5cc5	test(mcp): isolate lifecycle assertions from traceback rendering (KOD-300)
162c34f24eccec2c1441108889013d4a45bcac1f	test(mcp): isolate lifecycle assertions from traceback rendering (KOD-300)
c539ad71198e594ae1c33512c0a84a6c7767fbbf	test(fire): follow extracted PR writers in sanitization inventory
6e9f31f864e72a1e65190b3ecb59ee5394517f2b	fix(audit): describe every detector judgment schema field
00239d2fcc3c093dac6eaaa1d28902d930d99d1d	fix(passes): rearm gate reads cancelled before dispatch (KOD-164)
fc97d90d7b4116535c400949a3b8ec00e5a64873	fix(passes): rearm gate reads cancelled before dispatch (KOD-164)
adfc5bab45cd9498fa56f30d4886c0bb26e0aeaa	test(lifecycle): enforce shared criterion and ruling identities (KOD-598)
dde63cd23b0ea2125bc7884c5de33ef6d5b6c9e6	test(identity): resolve qualified local ruling aliases (KOD-598)
98668567bfe96c708b195410dcef4dacdff501d7	feat(tracker): resolve live scope approval ancestry (KOD-380)
b255c4e721bb467282f9f93c61c1bd921e83519e	test(tracker): prove milestone scopes inherit project approval (KOD-382)
9761404bdf1c317b7c07f24e680a11153066ed25	fix(tracker): refuse incomplete positive project membership (KOD-380)
58ed1b982cc72c52c4095461b0649886eda27188	feat(union): recheck current lane heads before reporting scope results
833185a77e66031c05c9934e6fabb3a963801205	feat(scope): refuse live plan barriers before dispatch (KOD-450)
6a4db144e0841d7fc58111ba1061ed0fec6620a0	fix(scope): require reported planning labels and relations (KOD-450)
2b2c9567f17161e224becea4ec9ee215c4719da5	test(scope): supply explicit approval mapping in planner fixture
ca543154ab81fb29f8d79b064e685642fe5332be	feat(tracker): carry recorded landing on work refs (KOD-714)
88259a7584585628e8c2ffd151da634f80cc4bac	fix(base): exclude recorded landed blocker refs (KOD-715)
b15961f89d2e8180ac4846bdd3264fdd4a5c9f49	test(base): compare real squash and merge landings (KOD-716)
3e4938ef47e7b366d794ffd6b805ead6e579d61d	test(base): select only unlanded mixed inputs (KOD-717)
271581c6a6105e2aa622ff9158fbd5523aab5aed	test(base): retain unknown landing dispatch records (KOD-718)
aa9dd46d10ec35a6e2f394373c06a15b5b0faae8	test(base): refuse unknown missing refs before dispatch (KOD-719)
d34c95597d398f4c7f7493a289233d2eb70e472d	test(base): keep every landing read three-state (KOD-720)
879bf88dff79e00127b09e88ba99087ccbc7a64e	test(base): reject landing derivation paths (KOD-721)
c74ce6124446c16bdae07595f17648a347b9a0cf	fix(base): refuse ambiguous recorded landing inputs (KOD-715)
4cae915d3d392ff1c47c3b7f3a17492bf9cf1419	test: reject dictionary landing reads in three-state guard
ab2d201ee915d4b922106f96e0bb9820acf00a9b	test: guard mapping-based landing values and native provenance
8d7070d66b46361b480247ea1d3dc5960993e660	docs: explain recorded landing base selection
9e2d325218cc6ff238d583db90beb6ef30aaa6a3	test: preserve provenance checks for typed landing bindings
dd13f62869833394f54bff8402caec4fac148906	Merge reviewed preceding batch ancestry
30d6bab0a5feb2fbb25d3c9a799ffb2857fe04bf	Merge reviewed fire audit batch ancestry
8e20a58ea720eddb7bd1f2f055dfc0a138240376	Require current completion and approval at FireSpec read
2330d2321c639bec04aaec639711ddd340d5c12f	test(scope): declare unused fire admission marker in planner fixture
1615aeac7b90d691dfc2b897a5c3100490a300d2	feat(supervisor): collect escalation age from native lane records
f091bf5af4094f4ac7f19e12d7ac33a8524c53ac	test(supervisor): check escalation identity at its native reader
32e63003790e0a0dc9bf9318ba343e812c70e15a	fix(supervisor): verify the decision used for escalation age
6b20907825ceb0775d1efbfb9c35d0f23cbe395c	test(supervisor): include typed escalation observation import
51ae5d96c8a9b61db72a6227b8ef4fe456ef7a3d	feat(tracker): require complete issue classification for scope readiness (KOD-425)
39a0489cd6d24d72e9a62d46b12c6b5607e4c80d	feat(scope): read approval and full blocker subtree readiness (KOD-425)
5796f1b902a48739c858225da17f04205a12db78	test(scope): prove exact gap selection without parent state reads (KOD-456)
7689bf727b39757cf06caa9770957904af466913	test(scope): isolate final tree and membership freshness windows (KOD-425)
6e961a78aebebea0a3366674101117fc71b65b19	test(scope): declare absent fire-stage mapping in readiness fixture
2be326ff3f262c8bc61af2ba67c1ff9e22932d11	feat(supervisor): observe growth from native lane records
e5a507f60d5a43ca93111a05da7f6b07d16982b7	feat: observe scope phase marker barriers from native rosters
d7dab61aca30ca268fa9f52a35e9f3d0ba0e3278	test: isolate scope tally identity and duplicate roster guards
cfa206804fcaea3902a75a147ed8b806f9819d86	fix(union): carry one remediation for native merge conflicts (KOD-593)
e71db75fa864274bcb8fb82e2e7b9fba395d5a61	fix(gate): redact native workspace URLs with existing tracker patterns
84a0aceb76742057c0e3710ee1bf3006a9d2c375	test(gate): reject lookalike provider hosts in URL defaults
8f2a6bc741f34d152ee509481ed72b6e879288ff	docs(config): preserve workspace URL defaults in environment example
b3c8d1a736010a40abe1e89071171ff71fe65d13	docs(gate): align pattern default reference with workspace URL protection
a65fd2e7cd5bd557e949278d5ce98eeeff878795	fix(scope): honor the optional milestone URL contract
dac1db83804b56d03b6b8d49019e8ae88af046e7	test(scope): retain tool argument checks for optional milestone URLs
f773b90ebdd1277bb9a00330b235132755421380	fix(union): refuse substituted Git object identities (KOD-601)
203ac719658bc3e9db62cae2b253b3895852d3d3	test(union): isolate the pinned conflict identity guard
5f04abf43be3c55a36df2113c9b02927ed641ce0	feat(audit): assemble native scope requests and run read-only sweep
54441028180f5034ab27c37f4f54d1a25b85c2eb	feat(tracker): resolve native criterion keys at one read boundary
0380837617db21cd1da2ae1534ed11e597afca5e	feat(scope): prepare addressed tracker fires at their recorded head
1740ed87260893138ab7a9b889a21bc27d24420a	fix(scope): require recorded-route operation authority
caaf2a331c0af6d2ee39bce314429b27bdbb090d	test(scope): isolate undeclared repository refusal
5908ada72ef4ba7c9097f2c0732af6da61e221f6	feat(scope): prepare configured first-entry routes from native facts
055c6156982273652fe778035798862c00d465d0	fix(scope): retain complete team identity through preparation
93ccccbef70c3951ebebe2b5eb618b315e9b767b	docs(scope): describe both first-entry repository routes
125b0b8c16b8a290826bc2693a71575c93a28ae7	feat(audit): run standing overclaim checks through native sweep
2d4ff638321eb3a150d1c39d0ab4b44175f90723	test(audit): prove clean self rules and mixed-head refusal
c43edd0dd9c037c3e4169ee0d0f34653e33e478b	feat(audit): compose source-backed detector losses into sweep reports
12d158748302a83aa41ffc54c4b7a8838ea52307	feat(audit): compose exact-SHA forge checks into native sweeps
0b934b467a58f7adaf1865c3839403ff39ffac2b	fix(audit): reject substituted objects in claim sessions
9cd2c13dde7bd90c4161dc56433f44c780a0d883	fix(audit): reject substituted mandate workspaces
c6bf8c7e0f3ea05c502ff57018e9e1ab4e51ee20	fix(audit): refuse substituted inline verification trees
c8fd7b07a6bea4cf6127fd9eb13b31adbb9be079	docs(audit): state original-tree claim requirement
6cf21c9b09ae0ee7954af53d3bbbd4d7bce5c9bb	feat(audit): complete native terminal mandates through the shared hunt
34153e1940e5e54dd6b6dce1e0611beefbf1218c	test(audit): exercise combined native detector lifetimes
158f69df99f4784d0d41cecc4d71fc63217ebaa6	fix(audit): reject replacement-only Evidence ancestry
f0456cc82eb7acaf67a6ef2da4edc955ae73cf0e	feat(prompts): register the evaluative fire-time ruling role
4d5a8cdc66f62f745ff155ad1e7ab1269debaa9e	Consume ruling-owned test protection in assertion audits
1441153f8e8555871410e8891e705853bbb1dd4d	Retain typed ruling identities in protection designations
4dce270696932f3838c6e9d7e027c0958bc47d58	Reuse canonical criterion capture in native forge sweeps
cee60401a125011a190117420f45733db213d615	Reuse canonical criterion capture in native forge sweeps
ce1bd9a3c6d6ba98dfb0a66b8216cf70b7e5727e	Join reviewed audit batch ancestry
9ff7bf98f50a86faf054b8de267eeaa535608349	feat(run): validate the complete run-event table before tracker boot
58540502a3d719316eb722583aafe38a335f31ac	fix(config): preserve the two-scalar minimal operation floor
860844b2f5e151d384ee1c0f1e30c369029f53aa	feat(run): emit native evaluator session openings from the harness
838e2a8b0cd2e5b8dbff53d6484d05b3b8b0e64b	Prove missing-test repair against native Git bytes
2fe2904f7ec69e6adb135047597ddad9a4a7689a	fix: replay explicit self-write receipts in scheduled gates
9eb92519c323705f44fd6fc1b1a88f3b99086f89	test: prove native movement snapshot bounds directly
9228afcb677641715687d2432f8db1e972e78ece	test: distinguish own label additions from principal labels
46b09a4eeeaadb167b8729726d116c33a115e092	fix: bound receipt retention and wake on expired history
755d3270e2fb99a8b9a6c129fa7e0cfb0ff9d766	Exercise model event agreement against the deployed table
234024590adf7a72728e3f0c82b64d98d07e8620	feat: propose rulings from fresh native fire sources
c402680ae3760e113b375a3c99341f44983811f5	test: exercise ruling proposals through native SDK mapping
9b0c57aa5eea96a2a5242c5954f1b6be6d3c770d	Provide the event table in credential boot fixtures
89f7059af847fd9603ce290a082e8078c3e24a8f	fix: attribute state history through bounded native receipts
e1f8b86529cf29d71d6df1ffc29c4676e79a834b	Integrate reviewed native session and history repairs
205a065af6615b2a309a9e7775b2b5ca574d741f	Describe all ruling proposal output fields
1f8c09e4a0a4be658abcc857a0b7dd58ed60b17f	Compose addressed FIRE preparation with fresh ruling proposals
98e780d22eda7e73552362444f3615798a7090f0	Account for prior workspace release in entry cancellation proof
01384493375167c3aa23c33b338a11cd1f7292b1	Refuse unsupported scopes before preparation and retire unused stack
dc294ef95c50d5312cd5e3abb60b7ca4f3ac8c99	Retire unadopted write-back loop while retaining native audit reads
a29f50b97d1e4b3928ef008f98fd89bb06307ccf	ci: verify the lock with a pinned uv release
f8868e5b70473176136548718dbfc243fb8e1c43	ci: verify the lock with a pinned uv release
929c33ad27491056d08f25cf69cea4137b241275	feat: read complete configured model membership
06830f8cad38137ceb46833844b7d4564b09c7c6	fix: hydrate URLs only for native document assets
16300994cb1245a36e7c88780563789f793874ab	test: resolve model pointers from queried tracker sources
363c4103b58466703fe063b5fbc653ffa1aad46d	test: bind model pointers to native target identities
e79f8f1059ddbc8bf1aedd530cf2871e067dbac6	Make guarded description edits converge at an exact target
792737185ee09770f16ecfd5e2b94d346ce20e70	Merge branch 'codex/v03-ci-locked-uv' into codex/v03-runtime-simplification
ed04d0e7b4eb8a667303ebcab27de4f0836f2dca	Move delivery check policy into the composed authored path and retire unused slices
061b08e242277e78e80f570ca749884dcfd265ff	Pin the native authored retry proof to an actual cleanup call
8e3e6490f4cfe5a950ef162892b82015dba83764	fix(lifespan): release acquired resources on every exit
490fa3ca39c837be4e5207689c0205b5cc88aa10	fix(tracker): settle unreturned boot sessions during cancellation
a0ba5f620ff9fb891210960ca725be58c388545a	fix(composition): forward declared repositories to authored delivery
705d613131d25cede2b31d16136b07947a334b2d	Correct the documented immediate scope refusal
43bf8e8e37743d6198c3f6f8105e6d41ff48e4a7	Keep wire rename exclusions aligned with active outcome producers
5c62eb147b21988d91b8851051b97bae684f5fa1	Limit pointer URL agreement to native criterion or numbered targets
cdd2aa8878fdfcfedd319673ce391fcd2814d426	fix(tracker): refuse native claims without fenced renewal
097bd8dc41a4235f3311c969f43dbba3f4ef999a	Declare HTTP dependencies and validate existing response models
5441b81fc2fd33bd789b55c1ca81ce07ec4eac79	Carry typed knowledge settings to sessions and recorder
1cdd6119a9f32cd5b52ec99e9d7152c0175c88af	Reject retired knowledge secret files and prove credential exclusion
63e892cc6a0d189bc88774d4952da652e237d256	Pass focused knowledge settings through the active lifespan
04a9130a1759b5e1fa5e77db744fe9b513134b8b	Validate documentation against nested settings and exact migration names
a2f2e99d2ab8842030e6d3dfc366311e44a19932	Reject trailing-underscore configuration typos without prefix exemptions
f37b879263e47c0085d29dfe167383120755a55f	Pass only the remote setting to audit consumers
d9022927389fdd8150b968c343a2f9ea91a627a1	Assert configured remote on each audit observation path
d1ab67227c8b72da0418414e6f167c2e87c9c9ea	feat(privacy): classify native references from deployment facts
0cedc7ca383c5cf6212892f5470303f72d59e538	fix(privacy): classify rendered Markdown reference authorities
d4068adbe4514a7cdcddf8d5a83968ca75f856c5	refactor(adapters): share bounded retry policy and backoff
4f6dce9204c0316b3c29069905e81d178198cf85	test(privacy): retain typed facts in composed retry fixture
e94803262157db423c919ecf18cf4c7ba3d91b11	Share owned operation settlement and read-only workspace lifetimes
7042032c2565597a116d7f022ff8f6752474f71c	Share fresh judging dispatch within caller-owned workspaces
d350b0a441687fa2049f70751ca8239ee9b0d78f	Trace schema coverage through the shared judgment dispatch
a711b8519254a8af73011f791026a8977adde028	Separate active workflow phases and compose authored delivery
2b15729e8d422af882db518f331a0b244e48441e	Keep configured retry floor census on the fire graph owner
d0781eda0d1174afc8cf6f8aa24a08749ec741fe	Exercise one remediation budget across fire and delivery phases
b3dd52600ca508a6c003addc2c9e3a43188ea4cd	Remove unconsumed ORGANIZE round settings and refuse retired inputs
8babdd05a3348828bf035922c4154eaef572c3f6	Keep subprocess cleanup cadence at its owner and inject only the command timeout
6bf9ed0933b914dc69c6cde3a307cbee03d007da	Require authored tracker aggregate judgment before durable writes
dff312a5a6c9484a1285ccdbf487712a1203a887	Preserve audit payload boundary and prove authored policy separation
a109855323e3ebc6ec3847a15928241020af36e8	Keep schema mutation on the extracted publication owner
7d856f24e55a3c6b050db0bb37df725ae954102d	Check retry and provenance guards at active phase owners
d62df63743eae24e5c58f04bb9f54001fc931268	Share cursor progression across native tracker and record readers
a63c2f96b08fbcdd176166ff30458574885568b2	Make cancellation regression reject swallowed cancellation promptly
61de7ba6973dc15fed8d6e33a2cb36c9cd92bedf	Narrow tracker read consumers and remove empty boot probes
5c557750536386d97f471636022a469e35d64b6c	Pass focused queue settings to the composed job lifecycle
4d9741762803e6cd49f693c778fce30d1f6170e3	Retire aggregate prose patterns after authored admission migration
00b39d7602e9092982768a9d93bb48716a029d39	Group HTTP settings and inject only the response prefix
aa0f58473a3d7dfd3c3d7f1683665dd7a22cd27a	Group logging choices and reject unsupported severity names
50c46d6187ba1c935631a3aa054c3d93a335a865	Share unique marker lookup with native lane prefix discovery
4b3ed1c0e916b391265a9d3627f0943ec829dc34	Use focused queue settings in the origin refusal fixture
6fe9dfe7be793b0f6d267177d15481dc30633a6a	Restore logging state after the native traceback test
7cbe6bc4af03fd4e9f554807eda43ffbf6464667	Translate domain permission modes at HTTP and SDK boundaries
e5767c4d608a189c36f6659be0a18d31a205660c	Keep live probe inputs on explicit permission boundaries
6472e77fe7e2eb52a4f9160b3a5aef0e1ffa8dc7	Replace configurable scanners with fixed outbound admission
daeb1cb761d9a4fc90d470ea48315ad8161dc8c7	Exercise mandatory branch judgment for both provenance classes
3d2d3fd213c93e8ed78c356e4b638f2807bf25a9	Group Git settings at actual repository and commit consumers
a44a288cf11d221c0a5ee2388fad092d6b7f0691	Migrate remaining Git environment fixtures to nested names
4656d9ac3f31df88ad748dd12f9f8664c7993a80	Follow the Git settings owner in the remote literal guard
13a1b31f6893bf79c6e923c1dc608780a2046b5d	State documentation behavior without private tracker citations
704a754f037b22b93edf7b49e7dd26ef6a72302b	Read initiative membership and dates from the tracker instead of config
75df70c6d158f8e6092cbfb75ed803aaf2331c8b	Exercise native initiative guidance in composed grooming output
83bea4d562e7b124ca3eec4b086d68829dbf6ff5	Wrap the native date guidance assertion within the lint limit
dee967495c5e2b7ee7de67fa50ff62722ec3d5f2	Update native boot and phase fixtures for retired configuration inputs
70a638378584049593ac84b2287dfd2da1e3057d	Classify native session failures at the SDK boundary
710f1570f817723ae24ede7d18c6bb5634b28c49	Group agent deployment settings at native session consumers
c29611b4502e25469a97507f5267dc89ca7c9216	Cover nested agent typos and composed skill-loadout refusal
9a24de37d813c469c1724495ca304434fc5db1e2	Replace private source citations with their behavioral meaning
6994552011b8b83db0d3050baa98f8c378ab6ba2	Keep application tool bundles neutral at the SDK boundary
aaba0fb64dfc9dd054df6f1742925cf8ff196fcc	Verify criterion record fidelity and return the stored fake update
5d4c47066112d92f5e20a4497203db13fe85f400	Keep the criterion fidelity matrix total over native state kinds
70c0c6f50e5712bf4bfee9d0895a7a77eda3d716	Group native tracker settings at actual boot consumers
49662f8ee4eba67e41058ba1fecf363a730d074d	Assert tracker token exclusion in serialized nested settings
f1ae6ac781b20111a35c8ac59d5622b265a768ff	Restore logging globals after tests that configure application startup
b89db2ac025d33844b2430bec82e3e01d4a640b4	Keep credential census nested and preserve the lifecycle ruling date
114aa471f7ac34a3bca6cbd1e723bc80a6d2f82a	tracker: lease a set of write surfaces all-or-nothing (KOD-384)
7de62a8eaed25798eaf4c9cc2f3f2a3cbfeeeda6	tests(tracker): honor a per-call lease duration and cross an expiry (KOD-387)
297a624b4a27d1c2683f5074176061eda84fda5b	tracker: keep the claim and lease holder vocabularies distinct (KOD-388)
cd59af25d342c440eabfc81757a9545029dab459	tracker: refuse a boot whose credential no declared agent identity owns (KOD-391)
effa21288cd116efd9bb0ee06d0afffb8b7192d5	docs: migrate settings from v0.2 to v0.3 names
879bdbe4740c64fe7e12bc7cbebe90c5708cb51c	domain: move the subtree closure and open-criteria gap into the domain (KOD-455)
138958cd6c44f571c24a795922a49dfa20197017	dispatch: the scope walker becomes a dispatch producer; a blocked lane never fires (KOD-425)
a742086c6e7246809ccd4fc7e749a76c438687c1	tracker: arbitrate ownership on the backend's own capabilities (KOD-747)
7c969204ad2fbd61909c2db7e57fa000a911d326	tests(dispatch): a full scope walk asks no pull request anything (KOD-434)
2ac37c5fd40e58e924bfab5090f32d2096d53e14	tracker: hold a surface set across targets on one grant (KOD-384)
29c16837505e15b1d16dd4a3aa851af3710ac7f6	tests(dispatch): crashed-lane re-entry over the walker's standing clauses (KOD-428)
3ea6fde679603a38c30ac3facc3ffd2401a8592e	tests(dispatch): open unmerged deliveries everywhere still walk the graph (KOD-431)
e79cb262b9e34a40b0877a341565f897eb7f02a3	tests(dispatch): a one-issue scope degenerates onto the authored fire path (KOD-448)
82571139db7b862648f5ca23e3aa6b518cadc321	tests(dispatch): the dispatch target is an identity, never prose (KOD-451)
b564c94beec7aaa31a5a91d45975da5f44a50dc2	tracker: measure ownership arbitration against the real board (KOD-747)
4b45773bc268278231a3e29507922d3256e98bbd	tests(domain): the lane gap and the blocker closure are two questions (KOD-455, repair)
5da3869bb73b8ab8649602288818039d4dd60b17	tests(dispatch): the walk holds the merge-state reader and never asks it (KOD-434, repair)
75ea15e16ff7f81b2d6732c0a61ad95d2824c949	tests(dispatch): re-entry eligibility is watched over both lanes, not one (KOD-428, repair)
8e7e05551aa24114db3de3cb4ce2456ea3126972	tracker: publish a renewal against the expiry it replaces (KOD-747, repair)
e991989a275dfa33d37e51a4b5de20381df3242b	tests(tracker): a refused acquisition answers the refusal a delete cannot reach (KOD-384, repair)
b41ac5afa31e09520a845c37d0ce88326cc71b8e	tracker: weigh an address against the earliest live grant, not the earliest marker (KOD-384, repair)
3304a8a5824d5617c4589ebf3878df8b6cb6ccf1	tests(tracker): the delayed-renewal interleaving over the lease vocabulary (KOD-387, repair)
f5b17f2eb5ed85428d2905ba9fc29ab1a2070bb8	fix(scope): one arithmetic — a candidate's gap is everything its subtree owes (KOD-455)
b98d53e821cd3a22d83d1d72782a2b2c2146ae0b	tests(domain): the iff is read against the subtree closure, on literal rows (KOD-455)
a1258c063a212f581a5af1e5a22244f0d94febbe	tracker: arbitrate ownership on the backend's own instants, and confirm a bid before it holds
e1953f5773f9771cbbf62956d929db411df27385	docs(tracker): the claim port names an owner or nobody
38a7b1415cfbd4788a01123d28825736992c141f	Merge remote-tracking branch 'origin/kodezart/v03-live-ownership' into kodezart/v03-trunk
41f2f8ad3d3edb349911d8c37f666e5bf04cdd33	tracker: a holder that meets itself is one ownership, not a tie (KOD-747, KOD-384, repair)
f1951f30215fe5dc9be92de6884cb3a2a7e63c9d	planner: refuse a scope over each member's whole subtree (KOD-450)
e28ee2269bbb24fad937ef9ed85450f9f6ab53fc	organize: mention ripple bumps the stamp without entering the gap (KOD-542)
ca8151ac321901081235db20ba59f6540fa890d9	delivery: compose a scope in the planner's ranked lane order (KOD-588)
3af1c4f31d6309b4ce82f4f44bf8c019d6819896	organize: scope the change-timestamp prohibition to the gap computation (KOD-545)
14268d905b83efa50ec3279479fb4d2de43bed91	tracker: a second marker of one holder is a duplicate, not a second owner (KOD-747, KOD-384)
829b3febbad9fff5b6f4c9a5db12a25efef29e64	spec: resolve one name per model value to its one defining member (KOD-594)
b6effc127cc045ec1addfb97444d2ce83beb1562	delivery: prove the union step composes nothing into the world (KOD-589)
ddcff961db85d39174d2b0d9c9b41baaccc96c16	prompts(grooming): verify every unlanded ref, then their composition (KOD-568)
70b41d36b69a48c2ee942242809894e71eca3575	prompts(grooming): the terminal turns on demonstration in the branch (KOD-569)
f23a7f9701cd063f51cd1b2c0516b4468777fb20	spec: make vendor freedom executable over both invariant backends (KOD-605)
acc1bdf1d15e5bc794e599ecff7c4fe7cdf5d87d	prompts(grooming): keep the structural rows derived from the template (KOD-574)
f5531e853e11639efca2e8bc0d92c0d9c627abfa	spec: route every model invariant to a declared backend (KOD-606)
1e69845d1e7e21ac8dc56cf46027e21d96bcf5a6	probe(ownership): measure a redeployed process claiming what its predecessor holds (KOD-747, KOD-384)
8d81d582156c8ef69eb829a7e2a318fea0343a25	merge: v0.3 organize lane into trunk
04462dbc9a7c6f15d4df2106593f62088b634c3a	merge: v0.3 delivery lane into trunk
c576ddd6f8cf6078d483e073a64b494ab22c1e7c	merge: v0.3 lifecycle lane into trunk
ff53fd66f3b4824411fe38c1d017cf84f871a545	merge: v0.3 planner lane into trunk
3f942fbeb6b73068902bfa983272d213e83f75f1	merge: v0.3 live-ownership lane into trunk
086e42b0a05c827779527afacf2d2c9af461833c	feat(tracker): ordered run-event stream on the port, records excluded
61a394e9493d1529d89ec38e6f98d5dac8b3276f	model(criterion): one cross-off carrier — sticky class, state enum, graded sha (KOD-694)
091c120196ded07e4d70fd9bbc6b1f253f419c95	test(scope): a lane owes its whole subtree, filter or no filter (KOD-793)
f92d8be4b82c7c9b4e08ec0f65c8f74f42df3155	spec: read a value name from every deliverable form, not only a heading (KOD-594)
654fce120f19d1bd0655e538bb75d8aa695568f3	feat(audit): the write-back verifier — refute, repair, re-verify
f980ecd25c3a08ac83c9edc5b9eaf93519c55718	spec: make vendor freedom reach the whole value closure, and the port the only handle (KOD-605)
fb59d96943527567c09550c70526a1d1b02dff21	feat(scope): name the open criterion a scope's container filter cannot reach (KOD-792)
ad25e064472df9a2a58885c28654d217c547d269	feat(forge): ForgeQuery — the open PR on a head, and a branch's web page
417366914101aae8cc6604045c1806a4ae2bad52	test(scope): gap membership over a subtree, one arm per tracker state (KOD-453)
0d15731baa3088571bcc6b836d02b123adc7d144	spec: state the routing cases over a model this suite owns (KOD-606)
990fc269751c4537e185c86b2fbd73e568b83533	feat(tracker): refuse one write carrying a body and a state together
b1741f6292589eba8823023be60454a75c18ae60	merge: v0.3 round-1 lane 01 (scope subtree reach + gap membership) into trunk
c98b34e7c7b086484a2cab54bb122b26cd7e0968	merge: v0.3 round-1 lane 03 (run-event stream, write-back verifier, ForgeQuery, combined-write refusal) into trunk
55a87a5009e1816d1d87c130a7f46a2a83a9f37e	merge: v0.3 round-1 lane 05 (criterion cross-off carrier + spec model agreement) into trunk
102e8322fa80175c0058fd173c6e564633dd3489	fix(api): validate job acceptance and reverse reconnect routes
c96895e18d3137544ea30d18188006118ee8a6e5	refactor(adapters): own vendor wire schemas at their boundaries
aa4d04ff2829c25a113c67e2e73343b963662ce3	refactor(criteria): delete the criterion class
86a8f0d927b236ecc3b99d421b11a1ac894a1e3e	docs(changelog): record the criterion class's removal from the wire
368b1d2c5ba1128d486a433ac0263a8cfb0b9108	test(fakes): drop the fixture the two-partition gate left behind
e4b21eaec93677ba8983c78f8fcb71472db603bc	test(criteria): prove uniform failure and refuse every retired class payload
26040e5b68d5ac3a4ca592943620366b8072469c	Type loss of a run surface lease without inventing holder identity
8d2f1d3d4c6f831dae7b7b043e09c5419247c5b7	Refuse protected record replacement under another writer attribution
2f149985026549fe569fd2b8422f11d5d56e787e	Translate tracker and record failures at adapter boundaries
855e238078dd4797564d97625d326e4141496f6b	Keep pretty tracebacks from rendering live workflow locals
17afcdce8515bcb8449141df2f374cdedfaec161	Retain independent publication failure and cancellation regressions
ca7ff9669f71ce14734c9939949853de22e4aed4	feat(fire): an execution-only fire composition that re-validates its subtree's Todo criteria before the loop
5733931da4d22f7da568ea6c953aa408e7ef584a	feat(fire): the criteria a native fire owes come from the tracker's own spec read
923bcb2b7082a3b957c6050a1d9e2938415601c3	fix(fire): carry native specs through live execution and replay
0c3cab8a792b1b33569e3b4ac7c35fa83819a5ae	fix(fire): bind resumed effects and fresh judgments to current checks
cc7b82940769aea59924852f65b73a9fb46a15fe	fix(native): normalize tracker port failures at current reads
f4cce2680f080e004704f9838484be577ba19d3e	Migrate tracker boundary regressions to neutral port failures
4c8ae18270eff2ccc6b517eee85a0290c3ab4606	Own terminal outcome comment surfaces under their queued job ids
bd882e7311a23809f3cb3ede6c6c61a93b70007a	Require declared marker ownership across the tracker port and fake
7704f815f489904a5189cffa0513dffe9f9caff8	Acquire explicit fixture leases for protected marker writes
c70e9e314b3ac3c0fc884572e81c15e69f30ddd6	Validate terminal marker configuration when constructing the writer
fc87741e2a70c8bc73067f402464e3bfa3167882	fix(config): refuse the retired surface lease duration key
49843dc749aed049c5a3ded129874f1cdfc3917a	Return coherent typed CI observations from each watch
21ee2e53553d3d346cf4ff6b9297cdd2b4903057	Keep parent completion out of merged-fire lifecycle writes
c075a3fc88d945ac55a356b72e4d16bca1f9ea17	Reconcile repository gate fixtures and protocol documentation
249dde2fb9dfa917743582dd861971a7dc9f2968	Restore authored contradiction wire contract and paused job fixture
e4b7b3b82887aa39c6c74ed94744c0756daff3e3	Reconcile remaining lifecycle and lease fixtures with current contracts
1b8709fead76fe0ebb3f99fa54dc5db226678a4f	Preserve delivery head mismatch evidence in a typed error
f7f3e12ac9e9d79161a8b6faff7058735037f425	Compose native lane delivery with typed checks and bounded remediation
051507e4d1199b1fdc73220bbfe87920edd1a3ea	Recheck delivery refs after awaited publication preparation
48e167fab891b70cc6680e6579b7780f556ce0b5	Verify native PR head base and lifecycle around delivery watches
04aba0025e184dcfa08ce5c2aa4611eb331f0cb6	Validate delivery PR identity before gated comments
745e6af93071a057e98ec8e28b585199a8a42a16	Revalidate native delivery evidence at resumed terminal boundaries
51c884e9500effa0c7b85a70979ea30a20702554	WIP scoped request runtime awaiting native delivery dependency
122ff1b42bb8fa190578fcbe6393cd8e7cd40902	WIP validate scope checkpoint state and preserve lane run identity
e61f40b1202e780f8915facf73cf9b5168bdda81	WIP verify scope replay and typed stream boundaries
8e8dc8bb81e144bd8a7558a56db13e00cdde8c8e	Verify scoped native replay and serialize addressed stream events
a10a440172f48c34586be780ae00d2ab98a8f327	Validate scoped event payloads and recheck admission at graph launch
593fdc1d9231767491493160d6a9455faadee2e3	Keep API event census aligned with scoped native streams
175e941590e99d7b1a72ab3a84204a8c467692cf	Define an explicit surface for criterion child creation
0e8b78a87c5225db95d53c478924e850bc0c6557	Compose bounded Organize preparation and fresh write-back judgment
2f7a6ddc3b46cc4a6d44c5b9a8acdff0844ae1ea	fix(organize): bind writes to current authority and retain verifier evidence
f0657f16caff89a71eca5486462dcdb08214ef80	Compose configured Organize scheduling and preserve addressed halts
4c8b876828de95e9ee56262a0867b7cc488fbe70	Keep Organize halt identity scoped to its actual container
5ce56bde8993c4f19f5c89eb755c0305f2f05f6c	fix(organize): require evidence appropriate to each halt cause
e63f874e1574c49ff5aeb103617d3a9c201e80db	Describe Organize output fields and align integrated contract checks
44fd521b593f2dd9120d303379babc055f48728e	test(audit): bind temporary PR base to the actual repository
d3f9179fb755e387339cd3ebe48b3b29f561bddc	refactor(audit): carry mandate verdicts through closed typed variants
cc600b801d63122d7a11e87579979c37d9385096	fix(audit): require strict indices and covered mandate sources
fc4246d8699238616dcdf78716e61f536e8234a0	feat(alarms): persist typed observations by complete native address
25b3a0b87f19c62d3e4ed2370b26c6bda2167acc	fix(alarms): validate the exact record snapshot before upsert
316167870623d917e9510200a21488a6c27dbc79	Read issue rulings across their actual recorded lane markers
6d3dc27f347bb09acff45ed0424e99dbf54e204b	Reject ambiguous native comment provenance across all readers
d2c6fceab762191d4e40b23c8cd349ef476e4b12	Update alarm payload oracle for typed evidence values
